White Player,Black Player,White Score
Otto Hanski,Santeri Salomaa,1
Santeri Salomaa,Otto Hanski,0
Aaro Kangasmaa,Olli Juntunen,0
Valtteri Alatalo,Lauri Pitkänen,0.5
Santeri Salomaa,Juho Nykänen,1
Lauri Pitkänen,Aaro Kangasmaa,1
Olli Juntunen,Nikola Tsarigradski,0
Olli Juntunen,Santeri Salomaa,0
Valtteri Alatalo,Aaro Kangasmaa,1
Aaro Kangasmaa,Valtteri Alatalo,1
Aaro Kangasmaa,Valtteri Alatalo,0
Juho Nykänen,Santeri Salomaa,0
Johannes Rajala,Kerttu-Inkeri Pusa,1
Santeri Salomaa,Lauri Pitkänen,1
Kerttu-Inkeri Pusa,Johannes Rajala,0