White Player,Black Player,White Score
Kimmo Pyyhtiä,Olli Juntunen,0.5
Kimmo Pyyhtiä,Ossi Airaksinen,1
Olli Juntunen,Daniel Pavlov,1
Juho Nykänen,Elias Ervelä,0.5
Ossi Airaksinen,Kimmo Pyyhtiä,0
Ville Kautto,Santeri Salomaa,1
Johannes Rajala,Kerttu-Inkeri Pusa,1
Otto Hanski,Olli Juntunen,1
Otto Hanski,Kimmo Pyyhtiä,1
Santeri Salomaa,Juho Pelto,0
Elias Ervelä,Aleksi Varho,0.5
Jere Aaros,Kimmo Pyyhtiä,0
Ville Kautto,Olli Juntunen,1
Nikola Tsarigradski,Mikael Remes,0
Nikola Tsarigradski,Mikael Remes,1
Mikael Remes,Nikola Tsarigradski,1
Mikael Remes,Nikola Tsarigradski,0
Kimmo Pyyhtiä,Juho Pelto,0
Juho Pelto,Olli Juntunen,1
Santeri Salomaa,Elias Ervelä,1
Kimmo Pyyhtiä,Aleksi Varho,1
Juho Nykänen,Juho Pelto,0
Kerttu-Inkeri Pusa,Johannes Rajala,0
Santeri Salomaa,Ville Kautto,1
Otto Hanski,Mikael Remes,1
Mikael Remes,Otto Hanski,1
Otto Hanski,Mikael Remes,1
Mikael Remes,Otto Hanski,0
Olli Juntunen,Aleksi Varho,1
Kimmo Pyyhtiä,Elias Ervelä,1
Olli Juntunen,Santeri Salomaa,0