[
    {
        "name": "Waltteri Hatulainen",
        "elo": 1128,
        "elo_history": [
            [
                "2023-02-15",
                1000
            ],
            [
                "2023-02-15",
                1128
            ]
        ],
        "games_played": 6
    },
    {
        "name": "Ossi Airaksinen",
        "elo": 1113,
        "elo_history": [
            [
                "2023-02-15",
                1000
            ],
            [
                "2023-02-15",
                1128
            ],
            [
                "2023-03-01",
                1314
            ],
            [
                "2023-03-08",
                1113
            ]
        ],
        "games_played": 11
    },
    {
        "name": "Jaakko R\u00e4kk\u00f6l\u00e4inen",
        "elo": 808,
        "elo_history": [
            [
                "2023-02-15",
                1000
            ],
            [
                "2023-02-15",
                808
            ]
        ],
        "games_played": 7
    },
    {
        "name": "Otso Helminen",
        "elo": 988,
        "elo_history": [
            [
                "2023-02-15",
                1000
            ],
            [
                "2023-02-15",
                1064
            ],
            [
                "2023-03-01",
                1212
            ],
            [
                "2023-03-15",
                999
            ],
            [
                "2023-03-29",
                886
            ],
            [
                "2023-04-12",
                939
            ],
            [
                "2023-05-10",
                924
            ],
            [
                "2024-01-08",
                988
            ]
        ],
        "games_played": 38
    },
    {
        "name": "Kimmo Pyyhti\u00e4",
        "elo": 1273,
        "elo_history": [
            [
                "2023-02-15",
                1000
            ],
            [
                "2023-02-15",
                936
            ],
            [
                "2023-02-22",
                1087
            ],
            [
                "2023-03-08",
                1352
            ],
            [
                "2023-03-29",
                1353
            ],
            [
                "2023-04-05",
                1342
            ],
            [
                "2023-04-12",
                1318
            ],
            [
                "2023-04-19",
                1338
            ],
            [
                "2024-01-08",
                1273
            ]
        ],
        "games_played": 33
    },
    {
        "name": "Reea Ruusuvuori",
        "elo": 919,
        "elo_history": [
            [
                "2023-02-15",
                1000
            ],
            [
                "2023-02-15",
                936
            ],
            [
                "2023-04-05",
                931
            ],
            [
                "2023-04-19",
                919
            ]
        ],
        "games_played": 7
    },
    {
        "name": "Arman Anzanpour",
        "elo": 626,
        "elo_history": [
            [
                "2023-02-15",
                1000
            ],
            [
                "2023-02-15",
                808
            ],
            [
                "2023-03-01",
                626
            ]
        ],
        "games_played": 8
    },
    {
        "name": "Vilppu Saarinen",
        "elo": 676,
        "elo_history": [
            [
                "2023-02-15",
                1000
            ],
            [
                "2023-02-15",
                936
            ],
            [
                "2023-03-15",
                676
            ]
        ],
        "games_played": 12
    },
    {
        "name": "Garo Garabetian",
        "elo": 1192,
        "elo_history": [
            [
                "2023-02-15",
                1000
            ],
            [
                "2023-02-15",
                1192
            ]
        ],
        "games_played": 5
    },
    {
        "name": "Valtteri Alatalo",
        "elo": 1187,
        "elo_history": [
            [
                "2023-02-15",
                1000
            ],
            [
                "2023-02-15",
                1128
            ],
            [
                "2023-02-22",
                1115
            ],
            [
                "2023-03-01",
                1075
            ],
            [
                "2023-03-15",
                1235
            ],
            [
                "2023-03-22",
                1217
            ],
            [
                "2023-03-29",
                1202
            ],
            [
                "2023-04-05",
                1214
            ],
            [
                "2023-05-10",
                1187
            ]
        ],
        "games_played": 37
    },
    {
        "name": "Jere Aaros",
        "elo": 1265,
        "elo_history": [
            [
                "2023-02-15",
                1000
            ],
            [
                "2023-02-15",
                1064
            ],
            [
                "2023-03-01",
                1328
            ],
            [
                "2023-03-08",
                1277
            ],
            [
                "2023-03-15",
                1332
            ],
            [
                "2023-03-29",
                1299
            ],
            [
                "2023-04-12",
                1292
            ],
            [
                "2023-05-10",
                1265
            ]
        ],
        "games_played": 32
    },
    {
        "name": "Elias Ervel\u00e4",
        "elo": 864,
        "elo_history": [
            [
                "2023-02-15",
                1000
            ],
            [
                "2023-02-15",
                872
            ],
            [
                "2023-03-08",
                781
            ],
            [
                "2023-04-05",
                819
            ],
            [
                "2023-04-19",
                816
            ],
            [
                "2024-01-08",
                864
            ]
        ],
        "games_played": 17
    },
    {
        "name": "Otto Hanski",
        "elo": 1619,
        "elo_history": [
            [
                "2023-02-15",
                1500
            ],
            [
                "2023-02-15",
                1564
            ],
            [
                "2023-03-08",
                1654
            ],
            [
                "2023-03-15",
                1555
            ],
            [
                "2023-03-22",
                1619
            ]
        ],
        "games_played": 20
    },
    {
        "name": "Jesse Huhtala",
        "elo": 1308,
        "elo_history": [
            [
                "2023-02-15",
                1500
            ],
            [
                "2023-02-15",
                1308
            ]
        ],
        "games_played": 4
    },
    {
        "name": "Ville Kautto",
        "elo": 1567,
        "elo_history": [
            [
                "2023-02-15",
                1500
            ],
            [
                "2023-02-15",
                1756
            ],
            [
                "2023-03-08",
                1716
            ],
            [
                "2023-04-12",
                1553
            ],
            [
                "2023-05-03",
                1567
            ]
        ],
        "games_played": 16
    },
    {
        "name": "Joel Ruusuvuori",
        "elo": 1521,
        "elo_history": [
            [
                "2023-02-15",
                1500
            ],
            [
                "2023-02-15",
                1372
            ],
            [
                "2023-03-15",
                1521
            ]
        ],
        "games_played": 11
    },
    {
        "name": "Maksym Rubtsov",
        "elo": 1884,
        "elo_history": [
            [
                "2023-02-15",
                1500
            ],
            [
                "2023-02-15",
                1884
            ]
        ],
        "games_played": 6
    },
    {
        "name": "Daniel Pavlov",
        "elo": 985,
        "elo_history": [
            [
                "2023-02-15",
                1500
            ],
            [
                "2023-02-15",
                1244
            ],
            [
                "2023-03-08",
                1121
            ],
            [
                "2023-03-15",
                932
            ],
            [
                "2023-03-29",
                985
            ]
        ],
        "games_played": 18
    },
    {
        "name": "Santeri Salomaa",
        "elo": 1467,
        "elo_history": [
            [
                "2023-02-15",
                1500
            ],
            [
                "2023-02-15",
                1628
            ],
            [
                "2023-02-22",
                1573
            ],
            [
                "2023-03-01",
                1642
            ],
            [
                "2023-03-08",
                1619
            ],
            [
                "2023-03-15",
                1557
            ],
            [
                "2023-03-22",
                1548
            ],
            [
                "2023-03-29",
                1496
            ],
            [
                "2023-04-05",
                1504
            ],
            [
                "2023-05-03",
                1490
            ],
            [
                "2023-05-10",
                1467
            ]
        ],
        "games_played": 41
    },
    {
        "name": "Ville Koponen",
        "elo": 1125,
        "elo_history": [
            [
                "2023-02-15",
                1500
            ],
            [
                "2023-02-15",
                1436
            ],
            [
                "2023-03-01",
                1125
            ]
        ],
        "games_played": 10
    },
    {
        "name": "Eetu Rantala",
        "elo": 1306,
        "elo_history": [
            [
                "2023-02-15",
                1500
            ],
            [
                "2023-02-15",
                1372
            ],
            [
                "2023-03-01",
                1295
            ],
            [
                "2023-03-29",
                1306
            ]
        ],
        "games_played": 19
    },
    {
        "name": "Nikola Tsarigradski",
        "elo": 1330,
        "elo_history": [
            [
                "2023-02-15",
                1500
            ],
            [
                "2023-02-15",
                1436
            ],
            [
                "2023-02-22",
                1542
            ],
            [
                "2023-03-08",
                1511
            ],
            [
                "2023-03-15",
                1318
            ],
            [
                "2023-03-22",
                1357
            ],
            [
                "2023-04-12",
                1293
            ],
            [
                "2023-05-10",
                1330
            ]
        ],
        "games_played": 27
    },
    {
        "name": "Tuomas Vaimala",
        "elo": 372,
        "elo_history": [
            [
                "2023-02-15",
                500
            ],
            [
                "2023-02-15",
                372
            ]
        ],
        "games_played": 4
    },
    {
        "name": "Samuel Nipala",
        "elo": 436,
        "elo_history": [
            [
                "2023-02-15",
                500
            ],
            [
                "2023-02-15",
                436
            ]
        ],
        "games_played": 5
    },
    {
        "name": "Aleksi Varho",
        "elo": 378,
        "elo_history": [
            [
                "2023-02-15",
                500
            ],
            [
                "2023-02-15",
                436
            ],
            [
                "2023-03-08",
                464
            ],
            [
                "2023-03-15",
                302
            ],
            [
                "2023-03-29",
                328
            ],
            [
                "2023-04-12",
                378
            ]
        ],
        "games_played": 21
    },
    {
        "name": "Otso Lauerma",
        "elo": 692,
        "elo_history": [
            [
                "2023-02-15",
                500
            ],
            [
                "2023-02-15",
                692
            ]
        ],
        "games_played": 3
    },
    {
        "name": "Janne (Sukunimi unknown)",
        "elo": 436,
        "elo_history": [
            [
                "2023-02-15",
                500
            ],
            [
                "2023-02-15",
                436
            ]
        ],
        "games_played": 1
    },
    {
        "name": "Aurora Willman",
        "elo": 692,
        "elo_history": [
            [
                "2023-02-15",
                500
            ],
            [
                "2023-02-15",
                692
            ]
        ],
        "games_played": 5
    },
    {
        "name": "Laukkanen Kira",
        "elo": 436,
        "elo_history": [
            [
                "2023-02-15",
                500
            ],
            [
                "2023-02-15",
                436
            ]
        ],
        "games_played": 3
    },
    {
        "name": "Juho Nyk\u00e4nen",
        "elo": 838,
        "elo_history": [
            [
                "2023-02-22",
                1000
            ],
            [
                "2023-02-22",
                839
            ],
            [
                "2023-03-08",
                842
            ],
            [
                "2023-03-22",
                838
            ]
        ],
        "games_played": 7
    },
    {
        "name": "Aleksi Kamppinen",
        "elo": 1717,
        "elo_history": [
            [
                "2023-02-22",
                1500
            ],
            [
                "2023-02-22",
                1472
            ],
            [
                "2023-03-01",
                1701
            ],
            [
                "2023-03-29",
                1784
            ],
            [
                "2023-05-03",
                1797
            ],
            [
                "2023-05-10",
                1717
            ]
        ],
        "games_played": 15
    },
    {
        "name": "Federico Settimo",
        "elo": 698,
        "elo_history": [
            [
                "2023-03-01",
                500
            ],
            [
                "2023-03-01",
                673
            ],
            [
                "2023-03-15",
                698
            ]
        ],
        "games_played": 10
    },
    {
        "name": "Markku Hahto",
        "elo": 995,
        "elo_history": [
            [
                "2023-03-01",
                500
            ],
            [
                "2023-03-01",
                609
            ],
            [
                "2023-03-15",
                690
            ],
            [
                "2023-03-29",
                967
            ],
            [
                "2023-04-05",
                954
            ],
            [
                "2023-04-12",
                912
            ],
            [
                "2023-05-10",
                933
            ],
            [
                "2024-01-08",
                995
            ]
        ],
        "games_played": 30
    },
    {
        "name": "Jutta Korhonen",
        "elo": 554,
        "elo_history": [
            [
                "2023-03-01",
                500
            ],
            [
                "2023-03-01",
                353
            ],
            [
                "2023-03-15",
                680
            ],
            [
                "2023-03-29",
                632
            ],
            [
                "2023-04-12",
                554
            ]
        ],
        "games_played": 17
    },
    {
        "name": "Olli Juntunen",
        "elo": 1379,
        "elo_history": [
            [
                "2023-03-01",
                500
            ],
            [
                "2023-03-01",
                692
            ],
            [
                "2023-03-08",
                888
            ],
            [
                "2023-03-15",
                1392
            ],
            [
                "2023-03-22",
                1339
            ],
            [
                "2023-04-05",
                1321
            ],
            [
                "2023-04-12",
                1375
            ],
            [
                "2023-04-19",
                1374
            ],
            [
                "2023-05-10",
                1379
            ]
        ],
        "games_played": 31
    },
    {
        "name": "Joni Lampinen",
        "elo": 353,
        "elo_history": [
            [
                "2023-03-01",
                500
            ],
            [
                "2023-03-01",
                353
            ]
        ],
        "games_played": 3
    },
    {
        "name": "Moein Khalighi",
        "elo": 1574,
        "elo_history": [
            [
                "2023-03-01",
                1500
            ],
            [
                "2023-03-01",
                1574
            ]
        ],
        "games_played": 5
    },
    {
        "name": "Tatu Hanski",
        "elo": 1254,
        "elo_history": [
            [
                "2023-03-01",
                1500
            ],
            [
                "2023-03-01",
                1254
            ]
        ],
        "games_played": 5
    },
    {
        "name": "Jarkko Typp\u00f6",
        "elo": 838,
        "elo_history": [
            [
                "2023-03-01",
                1000
            ],
            [
                "2023-03-01",
                838
            ]
        ],
        "games_played": 6
    },
    {
        "name": "Valter Olin",
        "elo": 774,
        "elo_history": [
            [
                "2023-03-01",
                1000
            ],
            [
                "2023-03-01",
                774
            ]
        ],
        "games_played": 7
    },
    {
        "name": "Miro Cedercreutz",
        "elo": 1062,
        "elo_history": [
            [
                "2023-03-01",
                1000
            ],
            [
                "2023-03-01",
                1062
            ]
        ],
        "games_played": 4
    },
    {
        "name": "Christian Palmroos",
        "elo": 1022,
        "elo_history": [
            [
                "2023-03-01",
                1000
            ],
            [
                "2023-03-01",
                1030
            ],
            [
                "2023-04-05",
                1022
            ]
        ],
        "games_played": 8
    },
    {
        "name": "Kerttu-Inkeri Pusa",
        "elo": 253,
        "elo_history": [
            [
                "2023-03-08",
                500
            ],
            [
                "2023-03-08",
                372
            ],
            [
                "2023-03-15",
                298
            ],
            [
                "2023-03-22",
                265
            ],
            [
                "2023-04-05",
                253
            ]
        ],
        "games_played": 10
    },
    {
        "name": "Johannes Rajala",
        "elo": 630,
        "elo_history": [
            [
                "2023-03-08",
                500
            ],
            [
                "2023-03-08",
                628
            ],
            [
                "2023-03-22",
                661
            ],
            [
                "2023-04-05",
                630
            ]
        ],
        "games_played": 6
    },
    {
        "name": "Juho Pelto",
        "elo": 1769,
        "elo_history": [
            [
                "2023-03-08",
                1500
            ],
            [
                "2023-03-08",
                1604
            ],
            [
                "2023-03-15",
                1752
            ],
            [
                "2023-04-12",
                1686
            ],
            [
                "2023-05-10",
                1769
            ]
        ],
        "games_played": 18
    },
    {
        "name": "Mikael Remes",
        "elo": 1449,
        "elo_history": [
            [
                "2023-03-08",
                1500
            ],
            [
                "2023-03-08",
                1449
            ]
        ],
        "games_played": 8
    },
    {
        "name": "Pyry Herva",
        "elo": 1166,
        "elo_history": [
            [
                "2023-03-15",
                1000
            ],
            [
                "2023-03-15",
                1166
            ]
        ],
        "games_played": 7
    },
    {
        "name": "Aaro Kangasmaa",
        "elo": 975,
        "elo_history": [
            [
                "2023-03-15",
                1000
            ],
            [
                "2023-03-15",
                910
            ],
            [
                "2023-03-22",
                975
            ]
        ],
        "games_played": 12
    },
    {
        "name": "Akseli Korkeam\u00e4ki",
        "elo": 1099,
        "elo_history": [
            [
                "2023-03-15",
                1000
            ],
            [
                "2023-03-15",
                974
            ],
            [
                "2023-03-29",
                1099
            ]
        ],
        "games_played": 14
    },
    {
        "name": "Jaakko Tanttari",
        "elo": 1660,
        "elo_history": [
            [
                "2023-03-15",
                1500
            ],
            [
                "2023-03-15",
                1803
            ],
            [
                "2023-04-05",
                1726
            ],
            [
                "2023-04-12",
                1618
            ],
            [
                "2023-05-10",
                1660
            ]
        ],
        "games_played": 16
    },
    {
        "name": "Kaisa Hakkarainen",
        "elo": 267,
        "elo_history": [
            [
                "2023-03-15",
                500
            ],
            [
                "2023-03-15",
                302
            ],
            [
                "2023-05-10",
                267
            ]
        ],
        "games_played": 7
    },
    {
        "name": "Lauri Pitk\u00e4nen",
        "elo": 1409,
        "elo_history": [
            [
                "2023-03-22",
                1500
            ],
            [
                "2023-03-22",
                1409
            ]
        ],
        "games_played": 3
    },
    {
        "name": "Antti Niemist\u00f6",
        "elo": 562,
        "elo_history": [
            [
                "2023-03-29",
                500
            ],
            [
                "2023-03-29",
                562
            ]
        ],
        "games_played": 3
    },
    {
        "name": "Tuomas Mets\u00e4l\u00e4",
        "elo": 434,
        "elo_history": [
            [
                "2023-03-29",
                500
            ],
            [
                "2023-03-29",
                434
            ]
        ],
        "games_played": 3
    },
    {
        "name": "Lotta Ahom\u00e4ki",
        "elo": 1221,
        "elo_history": [
            [
                "2023-03-29",
                1000
            ],
            [
                "2023-03-29",
                1221
            ]
        ],
        "games_played": 7
    },
    {
        "name": "Onni Sn\u00e5re",
        "elo": 930,
        "elo_history": [
            [
                "2023-03-29",
                1000
            ],
            [
                "2023-03-29",
                930
            ]
        ],
        "games_played": 6
    },
    {
        "name": "Niklas Hintsa",
        "elo": 709,
        "elo_history": [
            [
                "2023-03-29",
                1000
            ],
            [
                "2023-03-29",
                709
            ]
        ],
        "games_played": 7
    },
    {
        "name": "Iiro Jaakkola",
        "elo": 1937,
        "elo_history": [
            [
                "2023-03-29",
                1500
            ],
            [
                "2023-03-29",
                1582
            ],
            [
                "2023-04-05",
                1682
            ],
            [
                "2023-04-12",
                1932
            ],
            [
                "2023-04-19",
                1937
            ]
        ],
        "games_played": 11
    },
    {
        "name": "Ville Laine",
        "elo": 1438,
        "elo_history": [
            [
                "2023-04-19",
                1500
            ],
            [
                "2023-04-19",
                1438
            ]
        ],
        "games_played": 2
    },
    {
        "name": "Joonas Julkunen",
        "elo": 1046,
        "elo_history": [
            [
                "2023-05-10",
                1000
            ],
            [
                "2023-05-10",
                1046
            ]
        ],
        "games_played": 4
    },
    {
        "name": "Kirill Nikolaev",
        "elo": 511,
        "elo_history": [
            [
                "2023-05-10",
                500
            ],
            [
                "2023-05-10",
                511
            ]
        ],
        "games_played": 3
    },
    {
        "name": "Anttoni Vuorio",
        "elo": 991,
        "elo_history": [
            [
                "2024-01-08",
                1000
            ],
            [
                "2024-01-08",
                991
            ]
        ],
        "games_played": 5
    },
    {
        "name": "Amin Sadeqi",
        "elo": 671,
        "elo_history": [
            [
                "2024-01-08",
                1000
            ],
            [
                "2024-01-08",
                671
            ]
        ],
        "games_played": 5
    }
]