Score table ( w/b + w/d/l ),Eetu Rantala,Lotta Ahomäki,Akseli Korkeamäki,Otso Helminen,Markku Hahto,Valtteri Alatalo,Onni Snåre,Kimmo Pyyhtiä,Niklas Hintsa
Eetu Rantala,x,ww,bw,bw,wl,ww,bw,,ww
Lotta Ahomäki,bl,x,bw,ww,ww,bl,ww,,bw
Akseli Korkeamäki,wl,wl,x,bw,ww,wl,bw,,bw
Otso Helminen,wl,bl,wl,x,bl,bw,wd,,bl
Markku Hahto,bw,bl,bl,ww,x,wl,bl,wl,ww
Valtteri Alatalo,bl,ww,bw,wl,bw,x,,,ww
Onni Snåre,wl,bl,wl,bd,ww,,x,,bw
Kimmo Pyyhtiä,,,,,bw,,,x,
Niklas Hintsa,bl,wl,wl,ww,bl,bl,wl,,x